referral_benchmark_id,referral_name,referral_report_date,referral_pct
1,Primary Care,2021,0.375
2,Orthopedics,2021,0.27
3,Neurology,2021,0.125
4,Addiction Medicine,2021,0.005
5,Gastroenterology,2021,0.1
6,Cardiology,2021,0.125
7,Primary Care,2022,0.395
8,Orthopedics,2022,0.25
9,Neurology,2022,0.125
10,Addiction Medicine,2022,0.004
11,Gastroenterology,2022,0.1
12,Cardiology,2022,0.126
13,Primary Care,2023,0.385
14,Orthopedics,2023,0.29
15,Neurology,2023,0.121
16,Addiction Medicine,2023,0.003
17,Gastroenterology,2023,0.1
18,Cardiology,2023,0.101
